Start	0	0
CleanDb	25.655787944794	25.655787944794
